{
  "2014": {
    "charts": {
      "affordability-index-chart": {
        "name": "Figure 2. Affordability Index Scores and Broadband Prices"
      },
      "itus-cluster-chart": {
        "name": "Figure 4. Broadband Strategies and Prices"
      },
      "itus-ieaa-chart": {
        "name": "Figure 5. Electrification Rates and Broadband Prices"
      }
    }
  },
  "2015": {
    "charts": {
      "affordability-index-chart": {
        "name": "Figure 2. Affordability Index Scores and Broadband Prices"
      },
      "itus-cluster-chart": {
        "name": "Figure 4. Broadband Strategies and Prices"
      },
      "itus-ieaa-chart": {
        "name": "Figure 5. Electrification Rates and Broadband Prices"
      }
    }
  }
}
